{
    "loss": 0.6179054975509644,
    "accuracy": 0.8201438784599304
}