{
    "Total loss": 2.6481945514678955,
    "hide_conv_f_loss": 1.6403428316116333,
    "revl_conv_f_loss": 1.3438023328781128
}