{
    "Total loss": 2.5296664237976074,
    "hide_conv_f_loss": 1.5225228071212769,
    "revl_conv_f_loss": 1.3428583145141602
}