{
    "Total loss": 2.6276421546936035,
    "hide_conv_f_loss": 1.62050461769104,
    "revl_conv_f_loss": 1.3428502082824707
}